Id,Bank,Name,Sitz,Land,Verband
1,sparkasse,Sparkasse Aachen,Aachen,NW,RSGV
2,sparkasse,Kreissparkasse Ostalb,Aalen,BW,SVBW
3,sparkasse,Sparkasse Westmünsterland,Ahaus,NW,SVWL
4,sparkasse,Sparkasse Aichach-Schrobenhausen,Aichach,BY,SVB
5,sparkasse,Sparkasse Altenburger Land,Altenburg,TH,SGVHT
6,sparkasse,Sparkasse Amberg-Sulzbach,Amberg,BY,SVB
7,sparkasse,Erzgebirgssparkasse,Annaberg-Buchholz,SN,OSV
8,sparkasse,Sparkasse Ansbach,Ansbach,BY,SVB
9,sparkasse,Sparkasse Arnsberg-Sundern,Arnsberg,NW,SVWL
10,sparkasse,Sparkasse Aschaffenburg-Alzenau,Aschaffenburg,BY,SVB
11,sparkasse,Sparkasse Attendorn-Lennestadt-Kirchhundem,Attendorn,NW,SVWL
12,sparkasse,Stadtsparkasse Augsburg,Augsburg,BY,SVB
13,sparkasse,Sparkasse Aurich-Norden,Aurich und Norden,NI,SVN
14,sparkasse,Sparkasse Wittgenstein,Bad Berleburg,NW,SVWL
15,sparkasse,Sparkasse Rhein-Haardt,Bad Dürkheim,RP,SVRP
16,sparkasse,Sparkasse Bad Hersfeld-Rotenburg,Bad Hersfeld,HE,SGVHT
17,sparkasse,Taunus Sparkasse,Bad Homburg vor der Höhe,HE,SGVHT
18,sparkasse,Sparkasse Bad Kissingen,Bad Kissingen,BY,SVB
19,sparkasse,Sparkasse Rhein-Nahe,Bad Kreuznach,RP,SVRP
20,sparkasse,Sparkasse Westerwald-Sieg,Bad Marienberg,RP,SVRP
21,sparkasse,Kreissparkasse Ahrweiler,Bad Neuenahr-Ahrweiler,RP,SVRP
22,sparkasse,Sparkasse Bad Neustadt a. d. Saale,Bad Neustadt an der Saale,BY,SVB
23,sparkasse,Sparkasse Bad Oeynhausen - Porta Westfalica,Bad Oeynhausen,NW,SVWL
24,sparkasse,Sparkasse Holstein,Bad Oldesloe,SH/HH,SGVSH
25,sparkasse,Stadtsparkasse Bad Pyrmont,Bad Pyrmont,NI,SVN
26,sparkasse,Sparkasse Berchtesgadener Land,Bad Reichenhall,BY,SVB
27,sparkasse,Sparkasse Bad Tölz-Wolfratshausen,Bad Tölz,BY,SVB
28,sparkasse,Sparkasse Baden-Baden Gaggenau,Baden-Baden,BW,SVBW
29,sparkasse,Sparkasse Zollernalb,Balingen,BW,SVBW
30,sparkasse,Sparkasse Bamberg,Bamberg,BY,SVB
31,sparkasse,Stadtsparkasse Barsinghausen,Barsinghausen,NI,SVN
32,sparkasse,Sparkasse Battenberg,Battenberg,HE,SGVHT
33,sparkasse,Kreissparkasse Bautzen,Bautzen,SN,OSV
34,sparkasse,Sparkasse Bayreuth,Bayreuth,BY,SVB
35,sparkasse,Sparkasse Beckum-Wadersloh,Beckum,NW,SVWL
36,sparkasse,Sparkasse Bensheim,Bensheim,HE,SGVHT
37,sparkasse,Sparkasse Bergkamen-Bönen,Bergkamen,NW,SVWL
38,sparkasse,Berliner Sparkasse,Berlin,BE,SVBerlin
39,sparkasse,Sparkasse Mittelmosel – Eifel Mosel Hunsrück,Bernkastel-Kues,RP,SVRP
40,sparkasse,Kreissparkasse Bersenbrück,Bersenbrück,NI,SVN
41,sparkasse,Kreissparkasse Biberach,Biberach an der Riß,BW,SVBW
42,sparkasse,Sparkasse Bielefeld,Bielefeld,NW,SVWL
43,sparkasse,Kreissparkasse Bitburg-Prüm,Bitburg,RP,SVRP
44,sparkasse,Kreissparkasse Anhalt-Bitterfeld,Bitterfeld-Wolfen,ST,OSV
45,sparkasse,Kreissparkasse Böblingen,Böblingen,BW,SVBW
46,sparkasse,Stadtsparkasse Bocholt,Bocholt,NW,SVWL
47,sparkasse,Sparkasse Bochum,Bochum,NW,SVWL
48,sparkasse,Sparkasse Bonndorf-Stühlingen,Bonndorf im Schwarzwald,BW,SVBW
49,sparkasse,Bordesholmer Sparkasse AG,Bordesholm,SH,"Freie Spk.
SGVSH"
50,sparkasse,Stadtsparkasse Borken (Hessen),Borken (Hessen),HE,SGVHT
51,sparkasse,Sparkasse Bottrop,Bottrop,NW,SVWL
52,sparkasse,"Braunschweigische Landessparkasse
Teilrechtsfähige Anstalt der Nord/LB",Braunschweig,NI,SVN
53,sparkasse,Sparkasse Bremen AG,Bremen,HB,"Freie Spk.
HSGV"
54,sparkasse,Weser-Elbe-Sparkasse,Bremerhaven,HB/NI,"HSGV
SVN"
55,sparkasse,Sparkasse Hochsauerland,Brilon,NW,SVWL
56,sparkasse,Sparkasse Kraichgau Bruchsal-Bretten-Sinsheim,Bruchsal,BW,SVBW
57,sparkasse,Sparkasse Bühl,Bühl,BW,SVBW
58,sparkasse,Sparkasse Burbach-Neunkirchen,Burbach,NW,SVWL
59,sparkasse,Stadtsparkasse Burgdorf,Burgdorf,NI,SVN
60,sparkasse,Sparkasse im Landkreis Cham,Cham,BY,SVB
61,sparkasse,Sparkasse Chemnitz,Chemnitz,SN,OSV
62,sparkasse,Sparkasse Coburg – Lichtenfels,Coburg,BY,SVB
63,sparkasse,Sparkasse Spree-Neiße,Cottbus,BB,OSV
64,sparkasse,Stadtsparkasse Cuxhaven,Cuxhaven,NI,SVN
65,sparkasse,Sparkasse Dachau,Dachau,BY,SVB
66,sparkasse,Stadt- und Kreis-Sparkasse Darmstadt,Darmstadt,HE,SGVHT
67,sparkasse,Kreissparkasse Vulkaneifel,Daun,RP,SVRP
68,sparkasse,Sparkasse Deggendorf,Deggendorf,BY,SVB
69,sparkasse,Stadtsparkasse Dessau,Dessau-Roßlau,ST,OSV
70,sparkasse,Sparkasse Paderborn-Detmold-Höxter,Detmold und Paderborn,NW,SVWL
71,sparkasse,Kreissparkasse Grafschaft Diepholz,Diepholz,NI,SVN
72,sparkasse,Sparkasse Dillenburg,Dillenburg,HE,SGVHT
73,sparkasse,Sparkasse Dillingen-Nördlingen,Dillingen an der Donau,BY,SVB
74,sparkasse,Kreissparkasse Döbeln,Döbeln,SN,OSV
75,sparkasse,Sparkasse Donauwörth,Donauwörth,BY,SVB
76,sparkasse,Sparkasse Dortmund,Dortmund,NW,SVWL
77,sparkasse,Ostsächsische Sparkasse Dresden,Dresden,SN,OSV
78,sparkasse,Sparkasse Duderstadt,Duderstadt,NI,SVN
79,sparkasse,Sparkasse Duisburg,Duisburg,NW,RSGV
80,sparkasse,Sparkasse Düren,Düren,NW,RSGV
81,sparkasse,Kreissparkasse Düsseldorf,Düsseldorf,NW,RSGV
82,sparkasse,Stadtsparkasse Düsseldorf,Düsseldorf,NW,RSGV
83,sparkasse,Sparkasse Barnim,Eberswalde,BB,OSV
84,sparkasse,Sparkasse Rottal-Inn,Eggenfelden,BY,SVB
85,sparkasse,Sparkasse Einbeck,Einbeck,NI,SVN
86,sparkasse,Wartburg-Sparkasse,Eisenach,TH,SGVHT
87,sparkasse,Sparkasse Elmshorn,Elmshorn,SH,SGVSH
88,sparkasse,Sparkasse Emden,Emden,NI,SVN
89,sparkasse,Sparkasse Engen-Gottmadingen,Engen,BW,SVBW
90,sparkasse,Sparkasse Odenwaldkreis,Erbach,HE,SGVHT
91,sparkasse,Kreis- und Stadtsparkasse Erding-Dorfen,Erding,BY,SVB
92,sparkasse,Sparkasse Mittelthüringen,Erfurt,TH,SGVHT
93,sparkasse,Kreissparkasse Heinsberg,Erkelenz,NW,RSGV
94,sparkasse,Stadt- und Kreissparkasse Erlangen Höchstadt Herzogenaurach,Erlangen,BY,SVB
95,sparkasse,Sparkasse Werra-Meißner,Eschwege,HE,SGVHT
96,sparkasse,Sparkasse Essen,Essen,NW,RSGV
97,sparkasse,Kreissparkasse Esslingen-Nürtingen,Esslingen am Neckar,BW,SVBW
98,sparkasse,Kreissparkasse Euskirchen,Euskirchen,NW,RSGV
99,sparkasse,Sparkasse Elbe-Elster,Finsterwalde,BB,OSV
100,sparkasse,Nord-Ostsee Sparkasse,"Flensburg, Husum und Schleswig",SH,SGVSH
101,sparkasse,Sparkasse Forchheim,Forchheim,BY,SVB
102,sparkasse,Frankfurter Sparkasse,Frankfurt am Main,HE,SGVHT
103,sparkasse,Sparkasse Oder-Spree,Frankfurt (Oder),BB,OSV
104,sparkasse,Sparkasse Mittelsachsen,Freiberg,SN,OSV
105,sparkasse,Sparkasse Freiburg-Nördlicher Breisgau,Freiburg im Breisgau,BW,SVBW
106,sparkasse,Sparkasse Freising Moosburg,Freising,BY,SVB
107,sparkasse,Kreissparkasse Freudenstadt,Freudenstadt,BW,SVBW
108,sparkasse,Sparkasse Freyung-Grafenau,Freyung,BY,SVB
109,sparkasse,Sparkasse Oberhessen,Friedberg (Hessen),HE,SGVHT
110,sparkasse,Sparkasse Bodensee,Friedrichshafen und Konstanz,BW,SVBW
111,sparkasse,Sparkasse Fulda,Fulda,HE,SGVHT
112,sparkasse,Sparkasse Fürstenfeldbruck,Fürstenfeldbruck,BY,SVB
113,sparkasse,Sparkasse Fürth,Fürth,BY,SVB
114,sparkasse,Kreissparkasse Gelnhausen,Gelnhausen,HE,SGVHT
115,sparkasse,Sparkasse Gelsenkirchen,Gelsenkirchen,NW,SVWL
116,sparkasse,Sparkasse Gera-Greiz,Gera,TH,SGVHT
117,sparkasse,Sparkasse Geseke,Geseke,NW,SVWL
118,sparkasse,Sparkasse an Ennepe und Ruhr,Gevelsberg,NW,SVWL
119,sparkasse,Sparkasse Gießen,Gießen,HE,SGVHT
120,sparkasse,Sparkasse Celle-Gifhorn-Wolfsburg,Gifhorn,NI,SVN
121,sparkasse,Sparkasse Gladbeck,Gladbeck,NW,SVWL
122,sparkasse,Kreissparkasse Göppingen,Göppingen,BW,SVBW
123,sparkasse,Kreissparkasse Gotha,Gotha,TH,SGVHT
124,sparkasse,Sparkasse Göttingen,Göttingen,NI,SVN
125,sparkasse,Stadtsparkasse Grebenstein,Grebenstein,HE,SGVHT
126,sparkasse,Sparkasse Vorpommern,Greifswald,MV,OSV
127,sparkasse,Sparkasse Muldental,Grimma,SN,OSV
128,sparkasse,Kreissparkasse Groß-Gerau,Groß-Gerau,HE,SGVHT
129,sparkasse,Sparkasse Dieburg,Groß-Umstadt,HE,SGVHT
130,sparkasse,Sparkasse Grünberg,Grünberg,HE,SGVHT
131,sparkasse,Sparkasse Gummersbach,Gummersbach,NW,RSGV
132,sparkasse,Sparkasse Günzburg-Krumbach,Günzburg,BY,SVB
133,sparkasse,Vereinigte Sparkassen Gunzenhausen,Gunzenhausen,BY,SVB
134,sparkasse,Sparkasse Gütersloh-Rietberg-Versmold,Gütersloh,NW,SVWL
135,sparkasse,Stadt-Sparkasse Haan (Rheinl.),Haan,NW,RSGV
136,sparkasse,Sparkasse an Volme und Ruhr,Hagen,NW,SVWL
137,sparkasse,Saalesparkasse,Halle (Saale),ST,OSV
138,sparkasse,Kreissparkasse Halle (Westf.),Halle (Westf.),NW,SVWL
139,sparkasse,Stadtsparkasse Haltern am See,Haltern am See,NW,SVWL
140,sparkasse,Hamburger Sparkasse AG,Hamburg,HH,"Freie Spk.
HSGV"
141,sparkasse,Sparkasse Harburg-Buxtehude,Hamburg,HH/NI,SVN
142,sparkasse,Sparkasse Hameln-Weserbergland,Hameln,NI,SVN
143,sparkasse,Sparkasse Hamm,Hamm,NW,SVWL
144,sparkasse,Sparkasse Hanau,Hanau,HE,SGVHT
145,sparkasse,Sparkasse Hannover,Hannover,NI,SVN
146,sparkasse,Sparkasse Kinzigtal,Haslach im Kinzigtal,BW,SVBW
147,sparkasse,Sparkasse Hattingen,Hattingen,NW,SVWL
148,sparkasse,Sparkasse Heidelberg,Heidelberg,BW,SVBW
149,sparkasse,Kreissparkasse Heidenheim,Heidenheim an der Brenz,BW,SVBW
150,sparkasse,Kreissparkasse Heilbronn,Heilbronn,BW,SVBW
151,sparkasse,Sparkasse Märkisches Sauerland Hemer–Menden,Hemer,NW,SVWL
152,sparkasse,Sparkasse Starkenburg,Heppenheim (Bergstraße),HE,SGVHT
153,sparkasse,Sparkasse Herford,Herford,NW,SVWL
154,sparkasse,Herner Sparkasse,Herne,NW,SVWL
155,sparkasse,Kreissparkasse Hildburghausen,Hildburghausen,TH,SGVHT
156,sparkasse,Sparkasse Hildesheim Goslar Peine,Hildesheim,NI,SVN
157,sparkasse,Kreissparkasse Saarpfalz,Homburg,SL,SVS
158,sparkasse,Kreissparkasse Steinfurt,Ibbenbüren,NW,SVWL
159,sparkasse,Kreissparkasse Birkenfeld,Idar-Oberstein,RP,SVRP
160,sparkasse,Sparkasse Arnstadt-Ilmenau,Ilmenau,TH,SGVHT
161,sparkasse,Sparkasse Ingolstadt Eichstätt,Ingolstadt,BY,SVB
162,sparkasse,Sparkasse Iserlohn,Iserlohn,NW,SVWL
163,sparkasse,Sparkasse Westholstein,Itzehoe,SH,"Freie Spk.
SGVSH"
164,sparkasse,Sparkasse Jena-Saale-Holzland,Jena,TH,SGVHT
165,sparkasse,Sparkasse Kaiserslautern,Kaiserslautern,RP,SVRP
166,sparkasse,Sparkasse Karlsruhe,Karlsruhe,BW,SVBW
167,sparkasse,Kasseler Sparkasse,Kassel,HE,SGVHT
168,sparkasse,Kreis- und Stadtsparkasse Kaufbeuren,Kaufbeuren,BY,SVB
169,sparkasse,Sparkasse Hanauerland,Kehl,BW,SVBW
170,sparkasse,Kreissparkasse Kelheim,Kelheim,BY,SVB
171,sparkasse,Sparkasse Allgäu,Kempten (Allgäu),BY,SVB
172,sparkasse,Förde Sparkasse,Kiel,SH,SGVSH
173,sparkasse,Sparkasse Kierspe-Meinerzhagen,Kierspe,NW,SVWL
174,sparkasse,Sparkasse Rhein-Maas,Kleve,NW,RSGV
175,sparkasse,Sparkasse Koblenz,Koblenz,RP,SVRP
176,sparkasse,Kreissparkasse Köln,Köln,NW,RSGV
177,sparkasse,Sparkasse KölnBonn,Köln,NW,RSGV
178,sparkasse,Sparkasse Waldeck-Frankenberg,Korbach,HE,SGVHT
179,sparkasse,Sparkasse Krefeld,Krefeld,NW,RSGV
180,sparkasse,Sparkasse Kulmbach-Kronach,Kulmbach,BY,SVB
181,sparkasse,Sparkasse Hohenlohekreis,Künzelsau,BW,SVBW
182,sparkasse,Kreissparkasse Kusel,Kusel,RP,SVRP
183,sparkasse,Sparkasse Südpfalz,Landau in der Pfalz,RP,SVRP
184,sparkasse,Sparkasse Landsberg-Dießen,Landsberg am Lech,BY,SVB
185,sparkasse,Sparkasse Landshut,Landshut,BY,SVB
186,sparkasse,Stadt-Sparkasse Langenfeld,Langenfeld,NW,RSGV
187,sparkasse,Sparkasse Laubach-Hungen,Laubach,HE,SGVHT
188,sparkasse,Sparkasse LeerWittmund,Leer und Wittmund,NI,SVN
189,sparkasse,Kreissparkasse Eichsfeld,Leinefelde-Worbis,TH,SGVHT
190,sparkasse,Sparkasse Leipzig,Leipzig,SN,OSV
191,sparkasse,Sparkasse Lemgo,Lemgo,NW,SVWL
192,sparkasse,Stadtsparkasse Lengerich,Lengerich,NW,SVWL
193,sparkasse,Sparkasse Leverkusen,Leverkusen,NW,RSGV
194,sparkasse,Kreissparkasse Limburg,Limburg an der Lahn,HE,SGVHT
195,sparkasse,Sparkasse Hellweg-Lippe,Lippstadt,NW,SVWL
196,sparkasse,Sparkasse Lörrach-Rheinfelden,Lörrach,BW,SVBW
197,sparkasse,Sparkasse zu Lübeck AG,Lübeck,SH,"Freie Spk.
SGVSH"
198,sparkasse,Kreissparkasse Ludwigsburg,Ludwigsburg,BW,SVBW
199,sparkasse,Sparkasse Vorderpfalz,Ludwigshafen am Rhein,RP,SVRP
200,sparkasse,Sparkasse Lüneburg,Lüneburg,NI,SVN
201,sparkasse,Sparkasse an der Lippe,Lünen,NW,SVWL
202,sparkasse,Sparkasse Mansfeld-Südharz,Lutherstadt Eisleben,ST,OSV
203,sparkasse,Sparkasse Wittenberg,Lutherstadt Wittenberg,ST,OSV
204,sparkasse,Sparkasse Magdeburg,Magdeburg,ST,OSV
205,sparkasse,Rheinhessen Sparkasse,Mainz,RP/HE,SVRP
206,sparkasse,Sparkasse Rhein Neckar Nord,Mannheim,BW,SVBW
207,sparkasse,Sparkasse Marburg-Biedenkopf,Marburg,HE,SGVHT
208,sparkasse,Kreissparkasse Mayen,Mayen,RP,SVRP
209,sparkasse,Rhön-Rennsteig-Sparkasse,Meiningen,TH,SGVHT
210,sparkasse,Kreissparkasse Melle,Melle,NI,SVN
211,sparkasse,Kreissparkasse Schwalm-Eder,Melsungen,HE,SGVHT
212,sparkasse,Sparkasse Schwaben-Bodensee,Memmingen,BY,SVB
213,sparkasse,Sparkasse Emsland,Meppen,NI,SVN
214,sparkasse,Sparkasse Merzig-Wadern,Merzig,SL,SVS
215,sparkasse,Sparkasse Mitten im Sauerland,Meschede,NW,SVWL
216,sparkasse,Kreissparkasse Miesbach-Tegernsee,Miesbach,BY,SVB
217,sparkasse,Sparkasse Miltenberg-Obernburg,Miltenberg und Obernburg,BY,SVB
218,sparkasse,Sparkasse Minden-Lübbecke,Minden,NW,SVWL
219,sparkasse,Sparkasse am Niederrhein,Moers,NW,RSGV
220,sparkasse,Kreissparkasse Herzogtum Lauenburg,Mölln,SH,SGVSH
221,sparkasse,Stadtsparkasse Mönchengladbach,Mönchengladbach,NW,RSGV
222,sparkasse,Sparkasse Neckartal-Odenwald,Mosbach,BW,SVBW
223,sparkasse,Sparkasse Altötting-Mühldorf,Mühldorf am Inn,BY,SVB
224,sparkasse,Sparkasse Unstrut-Hainich,Mühlhausen/Thüringen,TH,SGVHT
225,sparkasse,Sparkasse Mülheim an der Ruhr,Mülheim an der Ruhr,NW,RSGV
226,sparkasse,Stadtsparkasse München,München,BY,SVB
227,sparkasse,Kreissparkasse München Starnberg Ebersberg,München,BY,SVB
228,sparkasse,Sparkasse Münsterland Ost,Münster,NW,SVWL
229,sparkasse,Sparkasse Neubrandenburg-Demmin,Neubrandenburg,MV,OSV
230,sparkasse,Sparkasse Neuburg-Rain,Neuburg an der Donau,BY,SVB
231,sparkasse,Sparkasse Neumarkt i.d.OPf.-Parsberg,Neumarkt in der Oberpfalz und Parsberg,BY,SVB
232,sparkasse,Sparkasse Südholstein,Neumünster,SH,SGVSH
233,sparkasse,Sparkasse Neunkirchen,Neunkirchen,SL,SVS
234,sparkasse,Sparkasse Ostprignitz-Ruppin,Neuruppin,BB,OSV
235,sparkasse,Sparkasse Neuss,Neuss,NW,RSGV
236,sparkasse,Sparkasse im Landkreis Neustadt a. d. Aisch - Bad Windsheim,Neustadt an der Aisch,BY,SVB
237,sparkasse,Vereinigte Sparkassen Eschenbach i.d.OPf. Neustadt a.d.Waldnaab Vohenstrauß,Neustadt an der Waldnaab,BY,SVB
238,sparkasse,Sparkasse Mecklenburg-Strelitz,Neustrelitz,MV,OSV
239,sparkasse,Sparkasse Neu-Ulm - Illertissen,Neu-Ulm,BY,SVB
240,sparkasse,Sparkasse Neuwied,Neuwied,RP,SVRP
241,sparkasse,Sparkasse Nienburg,Nienburg/Weser,NI,SVN
242,sparkasse,Kreissparkasse Nordhausen,Nordhausen,TH,SGVHT
243,sparkasse,Kreissparkasse Grafschaft Bentheim zu Nordhorn,Nordhorn,NI,SVN
244,sparkasse,Kreis-Sparkasse Northeim,Northeim,NI,SVN
245,sparkasse,Sparkasse Nürnberg,Nürnberg,BY,SVB
246,sparkasse,Stadtsparkasse Oberhausen,Oberhausen,NW,RSGV
247,sparkasse,Sparkasse Offenbach,Offenbach am Main,HE,SGVHT
248,sparkasse,Sparkasse Offenburg/Ortenau,Offenburg,BW,SVBW
249,sparkasse,Landessparkasse zu Oldenburg,Oldenburg,NI,SVN
250,sparkasse,Sparkasse Olpe-Drolshagen-Wenden,Olpe,NW,SVWL
251,sparkasse,Kreissparkasse Börde,Oschersleben (Bode),ST,OSV
252,sparkasse,Sparkasse Osnabrück,Osnabrück,NI,SVN
253,sparkasse,Sparkasse Osterode am Harz,Osterode am Harz,NI,SVN
254,sparkasse,Sparkasse Uecker-Randow,Pasewalk,MV,OSV
255,sparkasse,Sparkasse Passau,Passau,BY,SVB
256,sparkasse,Sparkasse Pfaffenhofen,Pfaffenhofen an der Ilm,BY,SVB
257,sparkasse,Sparkasse Pforzheim Calw,Pforzheim,BW,SVBW
258,sparkasse,Sparkasse Pfullendorf-Meßkirch,Pfullendorf,BW,SVBW
259,sparkasse,Sparkasse Südwestpfalz,Pirmasens,RP,SVRP
260,sparkasse,Sparkasse Vogtland,Plauen,SN,OSV
261,sparkasse,Vereinigte Sparkasse im Märkischen Kreis,Plettenberg,NW,SVWL
262,sparkasse,Mittelbrandenburgische Sparkasse in Potsdam,Potsdam,BB,OSV
263,sparkasse,Sparkasse Uckermark,Prenzlau,BB,OSV
264,sparkasse,Sparkasse Prignitz,Pritzwalk,BB,OSV
265,sparkasse,Sparkasse Radevormwald-Hückeswagen,Radevormwald,NW,RSGV
266,sparkasse,Stadtsparkasse Rahden,Rahden,NW,SVWL
267,sparkasse,Sparkasse Rastatt-Gernsbach,Rastatt,BW,SVBW
268,sparkasse,Kreissparkasse Ravensburg,Ravensburg,BW,SVBW
269,sparkasse,Sparkasse Vest Recklinghausen,Recklinghausen,NW,SVWL
270,sparkasse,Sparkasse Regen-Viechtach,Regen,BY,SVB
271,sparkasse,Sparkasse Regensburg,Regensburg,BY,SVB
272,sparkasse,Bezirkssparkasse Reichenau,Reichenau,BW,SVBW
273,sparkasse,Stadtsparkasse Remscheid,Remscheid,NW,RSGV
274,sparkasse,Sparkasse Mittelholstein AG,Rendsburg,SH,"Freie Spk.
SGVSH"
275,sparkasse,Kreissparkasse Reutlingen,Reutlingen,BW,SVBW
276,sparkasse,Kreissparkasse Wiedenbrück,Rheda-Wiedenbrück,NW,SVWL
277,sparkasse,Stadtsparkasse Rheine,Rheine,NW,SVWL
278,sparkasse,Sparkasse Meißen,Riesa,SN,OSV
279,sparkasse,Sparkasse Schaumburg,Rinteln,NI,SVN
280,sparkasse,Sparkasse Donnersberg,Rockenhausen,RP,SVRP
281,sparkasse,Sparkasse Rosenheim-Bad Aibling,Rosenheim,BY,SVB
282,sparkasse,OstseeSparkasse Rostock,Rostock,MV,OSV
283,sparkasse,Sparkasse Mittelfranken-Süd,Roth,BY,SVB
284,sparkasse,Kreissparkasse Rottweil,Rottweil,BW,SVBW
285,sparkasse,Kreissparkasse Saalfeld-Rudolstadt,Saalfeld,TH,SGVHT
286,sparkasse,Sparkasse Saarbrücken,Saarbrücken,SL,SVS
287,sparkasse,Kreissparkasse Saarlouis,Saarlouis,SL,SVS
288,sparkasse,Sparkasse Salem-Heiligenberg,Salem,BW,SVBW
289,sparkasse,Sparkasse Altmark West,Salzwedel,ST,OSV
290,sparkasse,Sparkasse St. Blasien,St. Blasien,BW,SVBW
291,sparkasse,Kreissparkasse St. Wendel,St. Wendel,SL,SVS
292,sparkasse,Sparkasse Scheeßel,Scheeßel,NI,SVN
293,sparkasse,Kreissparkasse Saale-Orla,Schleiz,TH,SGVHT
294,sparkasse,Kreissparkasse Schlüchtern,Schlüchtern,HE,SGVHT
295,sparkasse,Sparkasse Wiesental,Schopfheim,BW,SVBW
296,sparkasse,Sparkasse Schwäbisch Hall-Crailsheim,Schwäbisch Hall,BW,SVBW
297,sparkasse,Stadtsparkasse Schwalmstadt,Schwalmstadt,HE,SGVHT
298,sparkasse,Sparkasse im Landkreis Schwandorf,Schwandorf,BY,SVB
299,sparkasse,Stadtsparkasse Schwedt,Schwedt/Oder,BB,OSV
300,sparkasse,Sparkasse Schweinfurt-Haßberge,Schweinfurt,BY,SVB
301,sparkasse,Sparkasse Schwelm-Sprockhövel,Schwelm,NW,SVWL
302,sparkasse,Sparkasse Mecklenburg-Schwerin,Schwerin,MV,OSV
303,sparkasse,Sparkasse Hochfranken,Selb,BY,SVB
304,sparkasse,Sparkasse Langen-Seligenstadt,Seligenstadt,HE,SGVHT
305,sparkasse,Sparkasse Niederlausitz,Senftenberg,BB,OSV
306,sparkasse,Sparkasse Siegen,Siegen,NW,SVWL
307,sparkasse,Hohenzollerische Landesbank Kreissparkasse Sigmaringen,Sigmaringen,BW,SVBW
308,sparkasse,Kreissparkasse Rhein-Hunsrück,Simmern/Hunsrück,RP,SVRP
309,sparkasse,Sparkasse Hegau-Bodensee,Singen,BW,SVBW
310,sparkasse,Stadt-Sparkasse Solingen,Solingen,NW,RSGV
311,sparkasse,Kreissparkasse Soltau,Soltau,NI,SVN
312,sparkasse,Kyffhäusersparkasse Artern-Sondershausen,Sondershausen,TH,SGVHT
313,sparkasse,Sparkasse Sonneberg,Sonneberg,TH,SGVHT
314,sparkasse,Kreissparkasse Stade,Stade,NI,SVN
315,sparkasse,Sparkasse Stade-Altes Land,Stade,NI,SVN
316,sparkasse,Salzlandsparkasse,Staßfurt,ST,OSV
317,sparkasse,Sparkasse Staufen-Breisach,Staufen im Breisgau,BW,SVBW
318,sparkasse,Kreissparkasse Stendal,Stendal,ST,OSV
319,sparkasse,Sparkasse Niederbayern-Mitte,Straubing,BY,SVB
320,sparkasse,Sparkasse Märkisch-Oderland,Strausberg,BB,OSV
321,sparkasse,Kreissparkasse Syke,Syke,NI,SVN
322,sparkasse,Sparkasse Tauberfranken,Tauberbischofsheim,BW,SVBW
323,sparkasse,Sparkasse Hochschwarzwald,Titisee-Neustadt,BW,SVBW
324,sparkasse,Kreissparkasse Traunstein-Trostberg,Traunstein,BY,SVB
325,sparkasse,Sparkasse Trier,Trier,RP,SVRP
326,sparkasse,Kreissparkasse Tübingen,Tübingen,BW,SVBW
327,sparkasse,Kreissparkasse Tuttlingen,Tuttlingen,BW,SVBW
328,sparkasse,Sparkasse Uelzen Lüchow-Dannenberg,Uelzen,NI,SVN
329,sparkasse,Sparkasse Ulm,Ulm,BW,SVBW
330,sparkasse,Sparkasse UnnaKamen,Unna,NW,SVWL
331,sparkasse,Sparkasse Hilden-Ratingen-Velbert,Velbert,NW,RSGV
332,sparkasse,Kreissparkasse Verden,Verden (Aller),NI,SVN
333,sparkasse,Sparkasse Schwarzwald-Baar,Villingen-Schwenningen,BW,SVBW
334,sparkasse,Kreissparkasse Waiblingen,Waiblingen,BW,SVBW
335,sparkasse,Sparkasse Hochrhein,Waldshut-Tiengen,BW,SVBW
336,sparkasse,Kreissparkasse Fallingbostel in Walsrode,Walsrode,NI,SVN
337,sparkasse,Müritz-Sparkasse,Waren (Müritz),MV,OSV
338,sparkasse,Kreis- und Stadtsparkasse Wasserburg am Inn,Wasserburg am Inn,BY,SVB
339,sparkasse,Stadtsparkasse Wedel,Wedel,SH,SGVSH
340,sparkasse,Sparkasse Oberpfalz Nord,Weiden in der Oberpfalz,BY,SVB
341,sparkasse,Sparkasse Markgräflerland,Weil am Rhein,BW,SVBW
342,sparkasse,Kreissparkasse Weilburg,Weilburg,HE,SGVHT
343,sparkasse,Sparkasse Oberland,Weilheim in Oberbayern und Schongau,BY,SVB
344,sparkasse,Stadtsparkasse Wermelskirchen,Wermelskirchen,NW,RSGV
345,sparkasse,Harzsparkasse,Wernigerode,ST,OSV
346,sparkasse,Niederrheinische Sparkasse RheinLippe,Wesel,NW,RSGV
347,sparkasse,Sparkasse Wetzlar,Wetzlar,HE,SGVHT
348,sparkasse,Nassauische Sparkasse,Wiesbaden,HE/RP,SGVHT
349,sparkasse,Sparkasse Wilhelmshaven,Wilhelmshaven,NI,SVN
350,sparkasse,Sparkasse Mecklenburg-Nordwest,Wismar,MV,OSV
351,sparkasse,Sparkasse Witten,Witten,NW,SVWL
352,sparkasse,Sparkasse Wolfach,Wolfach,BW,SVBW
353,sparkasse,Stadtsparkasse Wunstorf,Wunstorf,NI,SVN
354,sparkasse,Stadtsparkasse Wuppertal,Wuppertal,NW,RSGV
355,sparkasse,Sparkasse Mainfranken Würzburg,Würzburg,BY,SVB
356,sparkasse,Sparkasse Burgenlandkreis,Zeitz,ST,OSV
357,sparkasse,Sparkasse Rotenburg Osterholz,Zeven,NI,SVN
358,sparkasse,Sparkasse Oberlausitz-Niederschlesien,Zittau,SN,OSV
359,sparkasse,Sparkasse Zwickau,Zwickau,SN,OSV
360,sparkasse,,,,
361,sparkasse,,,,
362,sparkasse,,,,
363,sparkasse,,,,
364,sparkasse,,,,
365,sparkasse,,,,
366,sparkasse,,,,
367,sparkasse,,,,
368,sparkasse,,,,
369,sparkasse,,,,
370,sparkasse,,,,
371,sparkasse,,,,
372,sparkasse,,,,
373,sparkasse,,,,
374,sparkasse,,,,
375,sparkasse,,,,
376,sparkasse,,,,
377,sparkasse,,,,
378,sparkasse,,,,
379,sparkasse,,,,
380,sparkasse,,,,
381,sparkasse,,,,
382,sparkasse,,,,
383,sparkasse,,,,
384,sparkasse,,,,
385,sparkasse,,,,
386,sparkasse,,,,
387,sparkasse,,,,
388,sparkasse,,,,
389,sparkasse,,,,
390,sparkasse,,,,
391,sparkasse,,,,
392,sparkasse,,,,
393,sparkasse,,,,
394,sparkasse,,,,
395,sparkasse,,,,
396,sparkasse,,,,
397,sparkasse,,,,
398,sparkasse,,,,
399,sparkasse,,,,
400,sparkasse,,,,
401,sparkasse,,,,
402,sparkasse,,,,
403,sparkasse,,,,
404,sparkasse,,,,
405,sparkasse,,,,
406,sparkasse,,,,
407,sparkasse,,,,
408,sparkasse,,,,
409,sparkasse,,,,
410,sparkasse,,,,
411,sparkasse,,,,
412,sparkasse,,,,
413,sparkasse,,,,
414,sparkasse,,,,
415,sparkasse,,,,
416,sparkasse,,,,
417,sparkasse,,,,
418,sparkasse,,,,
419,sparkasse,,,,
420,sparkasse,,,,
421,sparkasse,,,,
422,sparkasse,,,,
423,sparkasse,,,,
424,sparkasse,,,,
425,sparkasse,,,,
426,sparkasse,,,,
427,sparkasse,,,,
428,sparkasse,,,,
429,sparkasse,,,,
430,sparkasse,,,,
431,sparkasse,,,,
432,sparkasse,,,,
433,sparkasse,,,,
434,sparkasse,,,,
435,sparkasse,,,,
436,sparkasse,,,,
437,sparkasse,,,,
438,sparkasse,,,,
439,sparkasse,,,,
440,sparkasse,,,,
441,sparkasse,,,,
442,sparkasse,,,,
443,sparkasse,,,,
444,sparkasse,,,,
445,sparkasse,,,,
446,sparkasse,,,,
447,sparkasse,,,,
448,sparkasse,,,,
449,sparkasse,,,,
450,sparkasse,,,,
451,sparkasse,,,,
452,sparkasse,,,,
453,sparkasse,,,,
454,sparkasse,,,,
455,sparkasse,,,,
456,sparkasse,,,,
457,sparkasse,,,,
458,sparkasse,,,,
459,sparkasse,,,,
460,sparkasse,,,,
461,sparkasse,,,,
462,sparkasse,,,,
463,sparkasse,,,,
464,sparkasse,,,,
465,sparkasse,,,,
466,sparkasse,,,,
467,sparkasse,,,,
468,sparkasse,,,,
469,sparkasse,,,,
470,sparkasse,,,,
471,sparkasse,,,,
472,sparkasse,,,,
473,sparkasse,,,,
474,sparkasse,,,,
475,sparkasse,,,,
476,sparkasse,,,,
477,sparkasse,,,,
478,sparkasse,,,,
479,sparkasse,,,,
480,sparkasse,,,,
481,sparkasse,,,,
482,sparkasse,,,,
483,sparkasse,,,,
484,sparkasse,,,,
485,sparkasse,,,,
486,sparkasse,,,,
487,sparkasse,,,,
488,sparkasse,,,,
489,sparkasse,,,,
490,sparkasse,,,,
491,sparkasse,,,,
492,sparkasse,,,,
493,sparkasse,,,,
494,sparkasse,,,,
495,sparkasse,,,,
496,sparkasse,,,,
497,sparkasse,,,,
498,sparkasse,,,,
499,sparkasse,,,,
500,sparkasse,,,,
501,sparkasse,,,,
502,sparkasse,,,,
503,sparkasse,,,,
504,sparkasse,,,,
505,sparkasse,,,,
506,sparkasse,,,,
507,sparkasse,,,,
508,sparkasse,,,,
509,sparkasse,,,,
510,sparkasse,,,,
511,sparkasse,,,,
512,sparkasse,,,,
513,sparkasse,,,,
514,sparkasse,,,,
515,sparkasse,,,,
516,sparkasse,,,,
517,sparkasse,,,,
518,sparkasse,,,,
519,sparkasse,,,,
520,sparkasse,,,,
521,sparkasse,,,,
522,sparkasse,,,,
523,sparkasse,,,,
524,sparkasse,,,,
525,sparkasse,,,,
526,sparkasse,,,,
527,sparkasse,,,,
528,sparkasse,,,,
529,sparkasse,,,,
530,sparkasse,,,,
531,sparkasse,,,,
532,sparkasse,,,,
533,sparkasse,,,,
534,sparkasse,,,,
535,sparkasse,,,,
536,sparkasse,,,,
537,sparkasse,,,,
538,sparkasse,,,,
539,sparkasse,,,,
540,sparkasse,,,,
541,sparkasse,,,,
542,sparkasse,,,,
543,sparkasse,,,,
544,sparkasse,,,,
545,sparkasse,,,,
546,sparkasse,,,,
547,sparkasse,,,,
548,sparkasse,,,,
549,sparkasse,,,,
550,sparkasse,,,,
551,sparkasse,,,,
552,sparkasse,,,,
553,sparkasse,,,,
554,sparkasse,,,,
555,sparkasse,,,,
556,sparkasse,,,,
557,sparkasse,,,,
558,sparkasse,,,,
559,sparkasse,,,,
560,sparkasse,,,,
561,sparkasse,,,,
562,sparkasse,,,,
563,sparkasse,,,,
564,sparkasse,,,,
565,sparkasse,,,,
566,sparkasse,,,,
567,sparkasse,,,,
568,sparkasse,,,,
569,sparkasse,,,,
570,sparkasse,,,,
571,sparkasse,,,,
572,sparkasse,,,,
573,sparkasse,,,,
574,sparkasse,,,,
575,sparkasse,,,,
576,sparkasse,,,,
577,sparkasse,,,,
578,sparkasse,,,,
579,sparkasse,,,,
580,sparkasse,,,,
581,sparkasse,,,,
582,sparkasse,,,,
583,sparkasse,,,,
584,sparkasse,,,,
585,sparkasse,,,,
586,sparkasse,,,,
587,sparkasse,,,,
588,sparkasse,,,,
589,sparkasse,,,,
590,sparkasse,,,,
591,sparkasse,,,,
592,sparkasse,,,,
593,sparkasse,,,,
594,sparkasse,,,,
595,sparkasse,,,,
596,sparkasse,,,,
597,sparkasse,,,,
598,sparkasse,,,,
599,sparkasse,,,,
600,sparkasse,,,,
601,sparkasse,,,,
602,sparkasse,,,,
603,sparkasse,,,,
604,sparkasse,,,,
605,sparkasse,,,,
606,sparkasse,,,,
607,sparkasse,,,,
608,sparkasse,,,,
609,sparkasse,,,,
610,sparkasse,,,,
611,sparkasse,,,,
612,sparkasse,,,,
613,sparkasse,,,,
614,sparkasse,,,,
615,sparkasse,,,,
616,sparkasse,,,,
617,sparkasse,,,,
618,sparkasse,,,,
619,sparkasse,,,,
620,sparkasse,,,,
621,sparkasse,,,,
622,sparkasse,,,,
623,sparkasse,,,,
624,sparkasse,,,,
625,sparkasse,,,,
626,sparkasse,,,,
627,sparkasse,,,,
628,sparkasse,,,,
629,sparkasse,,,,
630,sparkasse,,,,
631,sparkasse,,,,
632,sparkasse,,,,
633,sparkasse,,,,
634,sparkasse,,,,
635,sparkasse,,,,
636,sparkasse,,,,
637,sparkasse,,,,
638,sparkasse,,,,
639,sparkasse,,,,
640,sparkasse,,,,
641,sparkasse,,,,
642,sparkasse,,,,
643,sparkasse,,,,
644,sparkasse,,,,
645,sparkasse,,,,
646,sparkasse,,,,
647,sparkasse,,,,
648,sparkasse,,,,
649,sparkasse,,,,
650,sparkasse,,,,
651,sparkasse,,,,
652,sparkasse,,,,
653,sparkasse,,,,
654,sparkasse,,,,
655,sparkasse,,,,
656,sparkasse,,,,
657,sparkasse,,,,
658,sparkasse,,,,
659,sparkasse,,,,
660,sparkasse,,,,
661,sparkasse,,,,
662,sparkasse,,,,
663,sparkasse,,,,
664,sparkasse,,,,
665,sparkasse,,,,
666,sparkasse,,,,
667,sparkasse,,,,
668,sparkasse,,,,
669,sparkasse,,,,
670,sparkasse,,,,
671,sparkasse,,,,
672,sparkasse,,,,
673,sparkasse,,,,
674,sparkasse,,,,
675,sparkasse,,,,
676,sparkasse,,,,
677,sparkasse,,,,
678,sparkasse,,,,
679,sparkasse,,,,
680,sparkasse,,,,
681,sparkasse,,,,
682,sparkasse,,,,
683,sparkasse,,,,
684,sparkasse,,,,
685,sparkasse,,,,
686,sparkasse,,,,
687,sparkasse,,,,
688,sparkasse,,,,
689,sparkasse,,,,
690,sparkasse,,,,
691,sparkasse,,,,
692,sparkasse,,,,
693,sparkasse,,,,
694,sparkasse,,,,
695,sparkasse,,,,
696,sparkasse,,,,
697,sparkasse,,,,
698,sparkasse,,,,
699,sparkasse,,,,
700,sparkasse,,,,
701,sparkasse,,,,
702,sparkasse,,,,
703,sparkasse,,,,
704,sparkasse,,,,
705,sparkasse,,,,
706,sparkasse,,,,
707,sparkasse,,,,
708,sparkasse,,,,
709,sparkasse,,,,
710,sparkasse,,,,
711,sparkasse,,,,
712,sparkasse,,,,
713,sparkasse,,,,
714,sparkasse,,,,
715,sparkasse,,,,
716,sparkasse,,,,
717,sparkasse,,,,
718,sparkasse,,,,
719,sparkasse,,,,
720,sparkasse,,,,
721,sparkasse,,,,
722,sparkasse,,,,
723,sparkasse,,,,
724,sparkasse,,,,
725,sparkasse,,,,
726,sparkasse,,,,
727,sparkasse,,,,
728,sparkasse,,,,
729,sparkasse,,,,
730,sparkasse,,,,
731,sparkasse,,,,
732,sparkasse,,,,
733,sparkasse,,,,
734,sparkasse,,,,
735,sparkasse,,,,
736,sparkasse,,,,
737,sparkasse,,,,
738,sparkasse,,,,
739,sparkasse,,,,
740,sparkasse,,,,
741,sparkasse,,,,
742,sparkasse,,,,
743,sparkasse,,,,
744,sparkasse,,,,
745,sparkasse,,,,
746,sparkasse,,,,
747,sparkasse,,,,
748,sparkasse,,,,
749,sparkasse,,,,
750,sparkasse,,,,
751,sparkasse,,,,
752,sparkasse,,,,
753,sparkasse,,,,
754,sparkasse,,,,
755,sparkasse,,,,
756,sparkasse,,,,
757,sparkasse,,,,
758,sparkasse,,,,
759,sparkasse,,,,
760,sparkasse,,,,
761,sparkasse,,,,
762,sparkasse,,,,
763,sparkasse,,,,
764,sparkasse,,,,
765,sparkasse,,,,
766,sparkasse,,,,
767,sparkasse,,,,
768,sparkasse,,,,
769,sparkasse,,,,
770,sparkasse,,,,
771,sparkasse,,,,
772,sparkasse,,,,
773,sparkasse,,,,
774,sparkasse,,,,
775,sparkasse,,,,
776,sparkasse,,,,
777,sparkasse,,,,
778,sparkasse,,,,
779,sparkasse,,,,
780,sparkasse,,,,
781,sparkasse,,,,
782,sparkasse,,,,
783,sparkasse,,,,
784,sparkasse,,,,
785,sparkasse,,,,
786,sparkasse,,,,
787,sparkasse,,,,
788,sparkasse,,,,
789,sparkasse,,,,
790,sparkasse,,,,
791,sparkasse,,,,
792,sparkasse,,,,
793,sparkasse,,,,
794,sparkasse,,,,
795,sparkasse,,,,
796,sparkasse,,,,
797,sparkasse,,,,
798,sparkasse,,,,
799,sparkasse,,,,
800,sparkasse,,,,
801,sparkasse,,,,
802,sparkasse,,,,
803,sparkasse,,,,
804,sparkasse,,,,
805,sparkasse,,,,
806,sparkasse,,,,
807,sparkasse,,,,
808,sparkasse,,,,
809,sparkasse,,,,
810,sparkasse,,,,
811,sparkasse,,,,
812,sparkasse,,,,
813,sparkasse,,,,
814,sparkasse,,,,
815,sparkasse,,,,
816,sparkasse,,,,
817,sparkasse,,,,
818,sparkasse,,,,
819,sparkasse,,,,
820,sparkasse,,,,
821,sparkasse,,,,
822,sparkasse,,,,
823,sparkasse,,,,
824,sparkasse,,,,
825,sparkasse,,,,
826,sparkasse,,,,
827,sparkasse,,,,
828,sparkasse,,,,
829,sparkasse,,,,
830,sparkasse,,,,
831,sparkasse,,,,
832,sparkasse,,,,
833,sparkasse,,,,
834,sparkasse,,,,
835,sparkasse,,,,
836,sparkasse,,,,
837,sparkasse,,,,
838,sparkasse,,,,
839,sparkasse,,,,
840,sparkasse,,,,
841,sparkasse,,,,
842,sparkasse,,,,
843,sparkasse,,,,
844,sparkasse,,,,
845,sparkasse,,,,
846,sparkasse,,,,
847,sparkasse,,,,
848,sparkasse,,,,
849,sparkasse,,,,
850,sparkasse,,,,
851,sparkasse,,,,
852,sparkasse,,,,
853,sparkasse,,,,
854,sparkasse,,,,
855,sparkasse,,,,
856,sparkasse,,,,
857,sparkasse,,,,
858,sparkasse,,,,
859,sparkasse,,,,
860,sparkasse,,,,
861,sparkasse,,,,
862,sparkasse,,,,
863,sparkasse,,,,
864,sparkasse,,,,
865,sparkasse,,,,
866,sparkasse,,,,
867,sparkasse,,,,
868,sparkasse,,,,
869,sparkasse,,,,
870,sparkasse,,,,
871,sparkasse,,,,
872,sparkasse,,,,
873,sparkasse,,,,
874,sparkasse,,,,
875,sparkasse,,,,
876,sparkasse,,,,
877,sparkasse,,,,
878,sparkasse,,,,
879,sparkasse,,,,
880,sparkasse,,,,
881,sparkasse,,,,
882,sparkasse,,,,
883,sparkasse,,,,
884,sparkasse,,,,
885,sparkasse,,,,
886,sparkasse,,,,
887,sparkasse,,,,
888,sparkasse,,,,
889,sparkasse,,,,
890,sparkasse,,,,
891,sparkasse,,,,
892,sparkasse,,,,
893,sparkasse,,,,
894,sparkasse,,,,
895,sparkasse,,,,
896,sparkasse,,,,
897,sparkasse,,,,
898,sparkasse,,,,
899,sparkasse,,,,
900,sparkasse,,,,
901,sparkasse,,,,
902,sparkasse,,,,
903,sparkasse,,,,
904,sparkasse,,,,
905,sparkasse,,,,
906,sparkasse,,,,
907,sparkasse,,,,
908,sparkasse,,,,
909,sparkasse,,,,
910,sparkasse,,,,
911,sparkasse,,,,
912,sparkasse,,,,
913,sparkasse,,,,
914,sparkasse,,,,
915,sparkasse,,,,
916,sparkasse,,,,
917,sparkasse,,,,
918,sparkasse,,,,
919,sparkasse,,,,
920,sparkasse,,,,
921,sparkasse,,,,
922,sparkasse,,,,
923,sparkasse,,,,
924,sparkasse,,,,
925,sparkasse,,,,
926,sparkasse,,,,
927,sparkasse,,,,
928,sparkasse,,,,
929,sparkasse,,,,
930,sparkasse,,,,
931,sparkasse,,,,
932,sparkasse,,,,
933,sparkasse,,,,
934,sparkasse,,,,
935,sparkasse,,,,
936,sparkasse,,,,
937,sparkasse,,,,
938,sparkasse,,,,
939,sparkasse,,,,
940,sparkasse,,,,
941,sparkasse,,,,
942,sparkasse,,,,
943,sparkasse,,,,
944,sparkasse,,,,
945,sparkasse,,,,
946,sparkasse,,,,
947,sparkasse,,,,
948,sparkasse,,,,
949,sparkasse,,,,
950,sparkasse,,,,
951,sparkasse,,,,
952,sparkasse,,,,
953,sparkasse,,,,
954,sparkasse,,,,
955,sparkasse,,,,
956,sparkasse,,,,
957,sparkasse,,,,
958,sparkasse,,,,
959,sparkasse,,,,
960,sparkasse,,,,
961,sparkasse,,,,
962,sparkasse,,,,
963,sparkasse,,,,
964,sparkasse,,,,
965,sparkasse,,,,
966,sparkasse,,,,
967,sparkasse,,,,
968,sparkasse,,,,
969,sparkasse,,,,
970,sparkasse,,,,
971,sparkasse,,,,
972,sparkasse,,,,
973,sparkasse,,,,
974,sparkasse,,,,
975,sparkasse,,,,
976,sparkasse,,,,
977,sparkasse,,,,
978,sparkasse,,,,
979,sparkasse,,,,
980,sparkasse,,,,
981,sparkasse,,,,
982,sparkasse,,,,
983,sparkasse,,,,
984,sparkasse,,,,
985,sparkasse,,,,
986,sparkasse,,,,
987,sparkasse,,,,
988,sparkasse,,,,
989,sparkasse,,,,
990,sparkasse,,,,
991,sparkasse,,,,
992,sparkasse,,,,
993,sparkasse,,,,
994,sparkasse,,,,
995,sparkasse,,,,
996,sparkasse,,,,
997,sparkasse,,,,
998,sparkasse,,,,
999,sparkasse,,,,
1000,,,,,
1001,,,,,
1002,,,,,
1003,,,,,
1004,,,,,
1005,,,,,
1006,,,,,
1007,,,,,
1008,,,,,
1009,,,,,
1010,,,,,
1011,,,,,
1012,,,,,
1013,,,,,
1014,,,,,
1015,,,,,
1016,,,,,
1017,,,,,
1018,,,,,
1019,,,,,
1020,,,,,
1021,,,,,
1022,,,,,
1023,,,,,
1024,,,,,
1025,,,,,
1026,,,,,
1027,,,,,
1028,,,,,
1029,,,,,
1030,,,,,
1031,,,,,
1032,,,,,
1033,,,,,
1034,,,,,
1035,,,,,
1036,,,,,
1037,,,,,
1038,,,,,
1039,,,,,
1040,,,,,
1041,,,,,
1042,,,,,
1043,,,,,
1044,,,,,
1045,,,,,
1046,,,,,
1047,,,,,
1048,,,,,
1049,,,,,
1050,,,,,
1051,,,,,
1052,,,,,
1053,,,,,
1054,,,,,
1055,,,,,
1056,,,,,
1057,,,,,
1058,,,,,
1059,,,,,
1060,,,,,
1061,,,,,
1062,,,,,
1063,,,,,
1064,,,,,
1065,,,,,
1066,,,,,
1067,,,,,
1068,,,,,
1069,,,,,
1070,,,,,
1071,,,,,
1072,,,,,
1073,,,,,
1074,,,,,
1075,,,,,
1076,,,,,
1077,,,,,
1078,,,,,
1079,,,,,
1080,,,,,
1081,,,,,
1082,,,,,
1083,,,,,
1084,,,,,
1085,,,,,
1086,,,,,
1087,,,,,
1088,,,,,
1089,,,,,
1090,,,,,
1091,,,,,
1092,,,,,
1093,,,,,
1094,,,,,
1095,,,,,
1096,,,,,
1097,,,,,
1098,,,,,
1099,,,,,
1100,,,,,
1101,,,,,
1102,,,,,
1103,,,,,
1104,,,,,
1105,,,,,
1106,,,,,
1107,,,,,
1108,,,,,
1109,,,,,
1110,,,,,
1111,,,,,
1112,,,,,
1113,,,,,
1114,,,,,
1115,,,,,
1116,,,,,
1117,,,,,
1118,,,,,
1119,,,,,
1120,,,,,
1121,,,,,
1122,,,,,
1123,,,,,
1124,,,,,
1125,,,,,
1126,,,,,
1127,,,,,
1128,,,,,
1129,,,,,
1130,,,,,
1131,,,,,
1132,,,,,
1133,,,,,
1134,,,,,
1135,,,,,
1136,,,,,
1137,,,,,
1138,,,,,
1139,,,,,
1140,,,,,
1141,,,,,
1142,,,,,
1143,,,,,
1144,,,,,
1145,,,,,
1146,,,,,
1147,,,,,
1148,,,,,
1149,,,,,
1150,,,,,
1151,,,,,
1152,,,,,
1153,,,,,
1154,,,,,
1155,,,,,
1156,,,,,
1157,,,,,
1158,,,,,
1159,,,,,
1160,,,,,
1161,,,,,
1162,,,,,
1163,,,,,
1164,,,,,
1165,,,,,
1166,,,,,
1167,,,,,
1168,,,,,
1169,,,,,
1170,,,,,
1171,,,,,
1172,,,,,
1173,,,,,
1174,,,,,
1175,,,,,
1176,,,,,
1177,,,,,
1178,,,,,
1179,,,,,
1180,,,,,
1181,,,,,
1182,,,,,
1183,,,,,
1184,,,,,
1185,,,,,
1186,,,,,
1187,,,,,
1188,,,,,
1189,,,,,
1190,,,,,
1191,,,,,
1192,,,,,
1193,,,,,
1194,,,,,
1195,,,,,
1196,,,,,
1197,,,,,
1198,,,,,
1199,,,,,
1200,,,,,
1201,,,,,
1202,,,,,
1203,,,,,
1204,,,,,
1205,,,,,
1206,,,,,
1207,,,,,
1208,,,,,
1209,,,,,
1210,,,,,
1211,,,,,
1212,,,,,
1213,,,,,
1214,,,,,
1215,,,,,
1216,,,,,
1217,,,,,
1218,,,,,
1219,,,,,
1220,,,,,
1221,,,,,
1222,,,,,
1223,,,,,
1224,,,,,
1225,,,,,
1226,,,,,
1227,,,,,
1228,,,,,
1229,,,,,
1230,,,,,
1231,,,,,
1232,,,,,
1233,,,,,
1234,,,,,
1235,,,,,
1236,,,,,
1237,,,,,
1238,,,,,
1239,,,,,
1240,,,,,
1241,,,,,
1242,,,,,
1243,,,,,
1244,,,,,
1245,,,,,
1246,,,,,
1247,,,,,
1248,,,,,
1249,,,,,
1250,,,,,
1251,,,,,
1252,,,,,
1253,,,,,
1254,,,,,
1255,,,,,
1256,,,,,
1257,,,,,
1258,,,,,
1259,,,,,
1260,,,,,
1261,,,,,
1262,,,,,
1263,,,,,
1264,,,,,
1265,,,,,
1266,,,,,
1267,,,,,
1268,,,,,
1269,,,,,
1270,,,,,
1271,,,,,
1272,,,,,
1273,,,,,
1274,,,,,
1275,,,,,
1276,,,,,
1277,,,,,
1278,,,,,
1279,,,,,
1280,,,,,
1281,,,,,
1282,,,,,
1283,,,,,
1284,,,,,
1285,,,,,
1286,,,,,
1287,,,,,
1288,,,,,
1289,,,,,
1290,,,,,
1291,,,,,
1292,,,,,
1293,,,,,
1294,,,,,
1295,,,,,
1296,,,,,
1297,,,,,
1298,,,,,
1299,,,,,
1300,,,,,
1301,,,,,
1302,,,,,
1303,,,,,
1304,,,,,
1305,,,,,
1306,,,,,
1307,,,,,
1308,,,,,
1309,,,,,
1310,,,,,
1311,,,,,
1312,,,,,
1313,,,,,
1314,,,,,
1315,,,,,
1316,,,,,
1317,,,,,
1318,,,,,
1319,,,,,
1320,,,,,
1321,,,,,
1322,,,,,
1323,,,,,
1324,,,,,
1325,,,,,
1326,,,,,
1327,,,,,
1328,,,,,
1329,,,,,
1330,,,,,
1331,,,,,
1332,,,,,
1333,,,,,
1334,,,,,
1335,,,,,
1336,,,,,
1337,,,,,
1338,,,,,
1339,,,,,
1340,,,,,
1341,,,,,
1342,,,,,
1343,,,,,
1344,,,,,
1345,,,,,
1346,,,,,
1347,,,,,
1348,,,,,
1349,,,,,
1350,,,,,
1351,,,,,
1352,,,,,
1353,,,,,
1354,,,,,
1355,,,,,
1356,,,,,
1357,,,,,
1358,,,,,
1359,,,,,
1360,,,,,
1361,,,,,
1362,,,,,
1363,,,,,
1364,,,,,
1365,,,,,
1366,,,,,
1367,,,,,
1368,,,,,
1369,,,,,
1370,,,,,
1371,,,,,
1372,,,,,
1373,,,,,
1374,,,,,
1375,,,,,
1376,,,,,
1377,,,,,
1378,,,,,
1379,,,,,
1380,,,,,
1381,,,,,
1382,,,,,
1383,,,,,
1384,,,,,
1385,,,,,
1386,,,,,
1387,,,,,
1388,,,,,
1389,,,,,
1390,,,,,
1391,,,,,
1392,,,,,
1393,,,,,
1394,,,,,
1395,,,,,
1396,,,,,
1397,,,,,
1398,,,,,
1399,,,,,
1400,,,,,
1401,,,,,
1402,,,,,
1403,,,,,
1404,,,,,
1405,,,,,
1406,,,,,
1407,,,,,
1408,,,,,
1409,,,,,
1410,,,,,
1411,,,,,
1412,,,,,
1413,,,,,
1414,,,,,
1415,,,,,
1416,,,,,
1417,,,,,
1418,,,,,
1419,,,,,
1420,,,,,
1421,,,,,
1422,,,,,
1423,,,,,
1424,,,,,
1425,,,,,
1426,,,,,
1427,,,,,
1428,,,,,
1429,,,,,
1430,,,,,
1431,,,,,
1432,,,,,
1433,,,,,
1434,,,,,
1435,,,,,
1436,,,,,
1437,,,,,
1438,,,,,
1439,,,,,
1440,,,,,
1441,,,,,
1442,,,,,
1443,,,,,
1444,,,,,
1445,,,,,
1446,,,,,
1447,,,,,
1448,,,,,
1449,,,,,
1450,,,,,
1451,,,,,
1452,,,,,
1453,,,,,
1454,,,,,
1455,,,,,
1456,,,,,
1457,,,,,
1458,,,,,
1459,,,,,
1460,,,,,
1461,,,,,
1462,,,,,
1463,,,,,
1464,,,,,
1465,,,,,
1466,,,,,
1467,,,,,
1468,,,,,
1469,,,,,
1470,,,,,
1471,,,,,
1472,,,,,
1473,,,,,
1474,,,,,
1475,,,,,
1476,,,,,
1477,,,,,
1478,,,,,
1479,,,,,
1480,,,,,
1481,,,,,
1482,,,,,
1483,,,,,
1484,,,,,
1485,,,,,
1486,,,,,
1487,,,,,
1488,,,,,
1489,,,,,
1490,,,,,
1491,,,,,
1492,,,,,
1493,,,,,
1494,,,,,
1495,,,,,
1496,,,,,
1497,,,,,
1498,,,,,
1499,,,,,
1500,,,,,
1501,,,,,
1502,,,,,
1503,,,,,
1504,,,,,
1505,,,,,
1506,,,,,
1507,,,,,
1508,,,,,
1509,,,,,
1510,,,,,
1511,,,,,
1512,,,,,
1513,,,,,
1514,,,,,
1515,,,,,
1516,,,,,
1517,,,,,
1518,,,,,
1519,,,,,
1520,,,,,
1521,,,,,
1522,,,,,
1523,,,,,
1524,,,,,
1525,,,,,
1526,,,,,
1527,,,,,
1528,,,,,
1529,,,,,
1530,,,,,
1531,,,,,
1532,,,,,
1533,,,,,
1534,,,,,
1535,,,,,
1536,,,,,
1537,,,,,
1538,,,,,
1539,,,,,
1540,,,,,
1541,,,,,
1542,,,,,
1543,,,,,
1544,,,,,
1545,,,,,
1546,,,,,
1547,,,,,
1548,,,,,
1549,,,,,
1550,,,,,
1551,,,,,
1552,,,,,
1553,,,,,
1554,,,,,
1555,,,,,
1556,,,,,
1557,,,,,
1558,,,,,
1559,,,,,
1560,,,,,
1561,,,,,
1562,,,,,
1563,,,,,
1564,,,,,
1565,,,,,
1566,,,,,
1567,,,,,
1568,,,,,
1569,,,,,
1570,,,,,
1571,,,,,
1572,,,,,
1573,,,,,
1574,,,,,
1575,,,,,
1576,,,,,
1577,,,,,
1578,,,,,
1579,,,,,
1580,,,,,
1581,,,,,
1582,,,,,
1583,,,,,
1584,,,,,
1585,,,,,
1586,,,,,
1587,,,,,
1588,,,,,
1589,,,,,
1590,,,,,
1591,,,,,
1592,,,,,
1593,,,,,
1594,,,,,
1595,,,,,
1596,,,,,
1597,,,,,
1598,,,,,
1599,,,,,
1600,,,,,
1601,,,,,
1602,,,,,
1603,,,,,
1604,,,,,
1605,,,,,
1606,,,,,
1607,,,,,
1608,,,,,
1609,,,,,
1610,,,,,
1611,,,,,
1612,,,,,
1613,,,,,
1614,,,,,
1615,,,,,
1616,,,,,
1617,,,,,
1618,,,,,
1619,,,,,
1620,,,,,
1621,,,,,
1622,,,,,
1623,,,,,
1624,,,,,
1625,,,,,
1626,,,,,
1627,,,,,
1628,,,,,
1629,,,,,
1630,,,,,
1631,,,,,
1632,,,,,
1633,,,,,
1634,,,,,
1635,,,,,
1636,,,,,
1637,,,,,
1638,,,,,
1639,,,,,
1640,,,,,
1641,,,,,
1642,,,,,
1643,,,,,
1644,,,,,
1645,,,,,
1646,,,,,
1647,,,,,
1648,,,,,
1649,,,,,
1650,,,,,
1651,,,,,
1652,,,,,
1653,,,,,
1654,,,,,
1655,,,,,
1656,,,,,
1657,,,,,
1658,,,,,
1659,,,,,
1660,,,,,
1661,,,,,
1662,,,,,
1663,,,,,
1664,,,,,
1665,,,,,
1666,,,,,
1667,,,,,
1668,,,,,
1669,,,,,
1670,,,,,
1671,,,,,
1672,,,,,
1673,,,,,
1674,,,,,
1675,,,,,
1676,,,,,
1677,,,,,
1678,,,,,
1679,,,,,
1680,,,,,
1681,,,,,
1682,,,,,
1683,,,,,
1684,,,,,
1685,,,,,
1686,,,,,
1687,,,,,
1688,,,,,
1689,,,,,
1690,,,,,
1691,,,,,
1692,,,,,
1693,,,,,
1694,,,,,
1695,,,,,
1696,,,,,
1697,,,,,
1698,,,,,
1699,,,,,
1700,,,,,
1701,,,,,
1702,,,,,
1703,,,,,
1704,,,,,
1705,,,,,
1706,,,,,
1707,,,,,
1708,,,,,
1709,,,,,
1710,,,,,
1711,,,,,
1712,,,,,
1713,,,,,
1714,,,,,
1715,,,,,
1716,,,,,
1717,,,,,
1718,,,,,
1719,,,,,
1720,,,,,
1721,,,,,
1722,,,,,
1723,,,,,
1724,,,,,
1725,,,,,
1726,,,,,
1727,,,,,
1728,,,,,
1729,,,,,
1730,,,,,
1731,,,,,
1732,,,,,
1733,,,,,
1734,,,,,
1735,,,,,
1736,,,,,
1737,,,,,
1738,,,,,
1739,,,,,
1740,,,,,
1741,,,,,
1742,,,,,
1743,,,,,
1744,,,,,
1745,,,,,
1746,,,,,
1747,,,,,
1748,,,,,
1749,,,,,
1750,,,,,
1751,,,,,
1752,,,,,
1753,,,,,
1754,,,,,
1755,,,,,
1756,,,,,
1757,,,,,
1758,,,,,
1759,,,,,
1760,,,,,
1761,,,,,
1762,,,,,
1763,,,,,
1764,,,,,
1765,,,,,
1766,,,,,
1767,,,,,
1768,,,,,
1769,,,,,
1770,,,,,
1771,,,,,
1772,,,,,
1773,,,,,
1774,,,,,
1775,,,,,
1776,,,,,
1777,,,,,
1778,,,,,
1779,,,,,
1780,,,,,
1781,,,,,
1782,,,,,
1783,,,,,
1784,,,,,
1785,,,,,
1786,,,,,
1787,,,,,
1788,,,,,
1789,,,,,
1790,,,,,
1791,,,,,
1792,,,,,
1793,,,,,
1794,,,,,
1795,,,,,
1796,,,,,
1797,,,,,
1798,,,,,
1799,,,,,
1800,,,,,
1801,,,,,
1802,,,,,
1803,,,,,
1804,,,,,
1805,,,,,
1806,,,,,
1807,,,,,
1808,,,,,
1809,,,,,
1810,,,,,
1811,,,,,
1812,,,,,
1813,,,,,
1814,,,,,
1815,,,,,
1816,,,,,
1817,,,,,
1818,,,,,
1819,,,,,
1820,,,,,
1821,,,,,
1822,,,,,
1823,,,,,
1824,,,,,
1825,,,,,
1826,,,,,
1827,,,,,
1828,,,,,
1829,,,,,
1830,,,,,
1831,,,,,
1832,,,,,
1833,,,,,
1834,,,,,
1835,,,,,
1836,,,,,
1837,,,,,
1838,,,,,
1839,,,,,
1840,,,,,
1841,,,,,
1842,,,,,
1843,,,,,
1844,,,,,
1845,,,,,
1846,,,,,
1847,,,,,
1848,,,,,
1849,,,,,
1850,,,,,
1851,,,,,
1852,,,,,
1853,,,,,
1854,,,,,
1855,,,,,
1856,,,,,
1857,,,,,
1858,,,,,
1859,,,,,
1860,,,,,
1861,,,,,
1862,,,,,
1863,,,,,
1864,,,,,
1865,,,,,
1866,,,,,
1867,,,,,
1868,,,,,
1869,,,,,
1870,,,,,
1871,,,,,
1872,,,,,
1873,,,,,
1874,,,,,
1875,,,,,
1876,,,,,
1877,,,,,
1878,,,,,
1879,,,,,
1880,,,,,
1881,,,,,
1882,,,,,
1883,,,,,
1884,,,,,
1885,,,,,
1886,,,,,
1887,,,,,
1888,,,,,
1889,,,,,
1890,,,,,
1891,,,,,
1892,,,,,
1893,,,,,
1894,,,,,
1895,,,,,
1896,,,,,
1897,,,,,
1898,,,,,
1899,,,,,
1900,,,,,
1901,,,,,
1902,,,,,
1903,,,,,
1904,,,,,
1905,,,,,
1906,,,,,
1907,,,,,
1908,,,,,
1909,,,,,
1910,,,,,
1911,,,,,
1912,,,,,
1913,,,,,
1914,,,,,
1915,,,,,
1916,,,,,
1917,,,,,
1918,,,,,
1919,,,,,
1920,,,,,
1921,,,,,
1922,,,,,
1923,,,,,
1924,,,,,
1925,,,,,
1926,,,,,
1927,,,,,
1928,,,,,
1929,,,,,
1930,,,,,
1931,,,,,
1932,,,,,
1933,,,,,
1934,,,,,
1935,,,,,
1936,,,,,
1937,,,,,
1938,,,,,
1939,,,,,
1940,,,,,
1941,,,,,
1942,,,,,
1943,,,,,
1944,,,,,
1945,,,,,
1946,,,,,
1947,,,,,
1948,,,,,
1949,,,,,
1950,,,,,
1951,,,,,
1952,,,,,
1953,,,,,
1954,,,,,
1955,,,,,
1956,,,,,
1957,,,,,
1958,,,,,
1959,,,,,
1960,,,,,
1961,,,,,
1962,,,,,
1963,,,,,
1964,,,,,
1965,,,,,
1966,,,,,
1967,,,,,
1968,,,,,
1969,,,,,
1970,,,,,
1971,,,,,
1972,,,,,
1973,,,,,
1974,,,,,
1975,,,,,
1976,,,,,
1977,,,,,
1978,,,,,
1979,,,,,
1980,,,,,
1981,,,,,
1982,,,,,
1983,,,,,
1984,,,,,
1985,,,,,
1986,,,,,
1987,,,,,
1988,,,,,
1989,,,,,
1990,,,,,
1991,,,,,
1992,,,,,
1993,,,,,
1994,,,,,
1995,,,,,
1996,,,,,
1997,,,,,
1998,,,,,
1999,,,,,